City_ID,City,Country,Date,Lat,Lng,Max Temp,Humidity,Cloudiness,Wind Speed
0,Provideniya,RU,2022-03-31 21:32:48,64.3833,-173.3,23.36,74,100,25.01
1,Farafangana,MG,2022-03-31 21:32:49,-22.8167,47.8333,73.6,83,23,7.11
2,Kapaa,US,2022-03-31 21:32:50,22.0752,-159.319,79.48,82,75,14.97
3,Maningrida,AU,2022-03-31 21:32:50,-12.0667,134.2667,76.59,83,7,3.71
4,Nikolskoye,RU,2022-03-31 21:32:51,59.7035,30.7861,26.8,97,15,2.13
5,Yabucoa,PR,2022-03-31 21:32:52,18.0505,-65.8793,82.49,79,15,16.31
6,Katsuura,JP,2022-03-31 21:32:52,35.1333,140.3,41.92,96,100,25.9
7,Busselton,AU,2022-03-31 21:32:53,-33.65,115.3333,69.71,76,15,10.02
8,Castro,BR,2022-03-31 21:32:53,-24.7911,-50.0119,55.92,98,100,8.12
9,Sitka,US,2022-03-31 21:32:54,57.0531,-135.33,44.49,65,100,8.05
10,Punta Arenas,CL,2022-03-31 21:32:39,-53.15,-70.9167,53.71,50,75,28.77
11,Kyaukse,MM,2022-03-31 21:32:55,21.6,96.1333,80.53,36,39,4.45
12,Vaini,TO,2022-03-31 21:32:55,-21.2,-175.2,82.56,83,40,5.75
13,Mataura,NZ,2022-03-31 21:32:56,-46.1927,168.8643,50.59,58,100,4.47
14,Rikitea,PF,2022-03-31 21:32:57,-23.1203,-134.9692,77.77,66,57,13.47
15,Douentza,ML,2022-03-31 21:32:58,14.9951,-2.9517,86.54,5,47,3.8
16,Mahebourg,MU,2022-03-31 21:32:58,-20.4081,57.7,79.09,78,40,12.66
17,Ushuaia,AR,2022-03-31 21:32:59,-54.8,-68.3,53.26,47,20,17.27
18,Ponta Do Sol,PT,2022-03-31 21:32:59,32.6667,-17.1,64.71,83,67,4.05
19,Lompoc,US,2022-03-31 21:33:00,34.6391,-120.4579,70.7,70,0,19.57
20,Puerto Ayora,EC,2022-03-31 21:33:01,-0.7393,-90.3518,82.36,74,96,3.8
21,Kaitangata,NZ,2022-03-31 21:33:01,-46.2817,169.8464,51.94,54,100,4.29
22,Olafsvik,IS,2022-03-31 21:33:02,64.8945,-23.7142,39.34,85,100,6.73
23,Yellowknife,CA,2022-03-31 21:33:04,62.456,-114.3525,18.28,77,75,19.57
24,Arraial Do Cabo,BR,2022-03-31 21:33:04,-22.9661,-42.0278,78.76,88,40,11.5
25,Butaritari,KI,2022-03-31 21:33:06,3.0707,172.7902,81.09,80,39,16.35
26,Bethel,US,2022-03-31 21:29:52,41.3712,-73.414,65.35,81,75,8.05
27,Guadalupe Y Calvo,MX,2022-03-31 21:33:08,26.1,-106.9667,66.78,7,96,10.74
28,Khatanga,RU,2022-03-31 21:33:09,71.9667,102.5,-7.29,100,84,4.94
29,Saint-Philippe,RE,2022-03-31 21:33:09,-21.3585,55.7679,76.59,82,100,12.44
30,Pevek,RU,2022-03-31 21:33:10,69.7008,170.3133,-17.77,95,21,4.79
31,Cape Town,ZA,2022-03-31 21:32:32,-33.9258,18.4232,63.27,72,0,20.71
32,Tiksi,RU,2022-03-31 21:33:11,71.6872,128.8694,6.08,97,100,7.96
33,Mocuba,MZ,2022-03-31 21:33:11,-16.8392,36.9856,70.92,98,12,1.14
34,Lavrentiya,RU,2022-03-31 21:33:12,65.5833,-171.0,15.85,77,58,12.1
35,Aljezur,PT,2022-03-31 21:33:13,37.3191,-8.8033,55.24,80,2,15.39
36,Kiunga,PG,2022-03-31 21:33:13,-6.1219,141.2906,73.17,99,100,1.86
37,Northam,GB,2022-03-31 21:33:14,51.0333,-4.2167,40.6,69,89,17.6
38,Tabou,CI,2022-03-31 21:33:14,4.423,-7.3528,80.29,87,34,6.38
39,Ginda,IN,2022-03-31 21:33:15,30.6945,78.4932,55.06,17,0,8.52
40,Norman Wells,CA,2022-03-31 21:33:16,65.282,-126.8329,-11.16,58,20,23.02
41,Airai,TL,2022-03-31 21:33:16,-8.9266,125.4092,56.84,76,2,2.51
42,Vostok,RU,2022-03-31 21:33:17,46.4856,135.8833,16.86,92,100,4.14
43,Geraldton,AU,2022-03-31 21:31:12,-28.7667,114.6,73.81,78,100,11.5
44,Hermanus,ZA,2022-03-31 21:33:18,-34.4187,19.2345,62.8,67,97,10.45
45,Tasiilaq,GL,2022-03-31 21:33:18,65.6145,-37.6368,32.16,98,100,4.63
46,Narsaq,GL,2022-03-31 21:33:19,60.9167,-46.05,39.42,79,100,4.74
47,Dom Pedrito,BR,2022-03-31 21:34:20,-30.9828,-54.6731,55.4,54,4,5.5
48,Biak,ID,2022-03-31 21:34:20,-0.9131,122.8766,75.29,83,100,2.51
49,Port Alfred,ZA,2022-03-31 21:34:21,-33.5906,26.891,64.18,94,100,3.0
50,San Patricio,US,2022-03-31 21:34:21,28.017,-97.5169,87.19,27,3,6.78
51,Albany,US,2022-03-31 21:29:45,42.6001,-73.9662,61.45,84,100,7.83
52,Krasnokamensk,RU,2022-03-31 21:34:22,50.0979,118.0369,22.71,33,39,4.12
53,Carnarvon,AU,2022-03-31 21:34:23,-24.8667,113.6333,69.87,94,75,18.41
54,Coquimbo,CL,2022-03-31 21:31:25,-29.9533,-71.3436,60.53,72,0,12.66
55,Kozhevnikovo,RU,2022-03-31 21:34:24,56.2589,83.9714,38.25,83,100,15.23
56,Waterloo,CA,2022-03-31 21:34:25,43.4668,-80.5164,46.65,66,100,18.41
57,Iralaya,HN,2022-03-31 21:34:25,15.0,-83.2333,81.79,73,31,10.89
58,Kimparana,ML,2022-03-31 21:34:26,12.8347,-4.9244,93.18,6,24,5.03
59,Atuona,PF,2022-03-31 21:34:27,-9.8,-139.0333,78.66,75,9,7.4
60,Souillac,MU,2022-03-31 21:34:27,-20.5167,57.5167,79.18,78,40,12.66
61,Bluff,NZ,2022-03-31 21:34:28,-46.6,168.3333,50.58,59,99,10.16
62,Kirakira,SB,2022-03-31 21:34:28,-10.4544,161.9205,82.45,80,100,1.63
63,Bambous Virieux,MU,2022-03-31 21:34:30,-20.3428,57.7575,79.05,78,40,12.66
64,Pandharpur,IN,2022-03-31 21:34:31,17.6667,75.3333,81.55,19,3,14.18
65,Bredasdorp,ZA,2022-03-31 21:34:31,-34.5322,20.0403,63.37,61,87,5.46
66,Victoria,HK,2022-03-31 21:33:37,22.2855,114.1577,71.19,88,100,20.0
67,Blagoveshchenka,RU,2022-03-31 21:34:33,52.8333,79.8667,32.4,82,100,11.7
68,Faanui,PF,2022-03-31 21:34:34,-16.4833,-151.75,82.27,68,25,12.88
69,Waingapu,ID,2022-03-31 21:34:34,-9.6567,120.2641,77.34,84,14,4.41
70,Vaniyambadi,IN,2022-03-31 21:34:35,12.6833,78.6167,76.24,71,19,1.97
71,Fortuna,US,2022-03-31 21:34:36,40.5982,-124.1573,55.92,63,20,19.57
72,Lanzhou,CN,2022-03-31 21:34:36,36.0564,103.7922,44.73,29,72,5.95
73,Aksu,CN,2022-03-31 21:34:37,41.1231,80.2644,50.13,41,98,6.55
74,Kaeo,NZ,2022-03-31 21:34:38,-35.1,173.7833,68.32,94,96,1.28
75,Talnakh,RU,2022-03-31 21:34:38,69.4865,88.3972,18.21,92,100,2.84
76,Saldanha,ZA,2022-03-31 21:34:39,-33.0117,17.9442,60.85,78,1,20.69
77,Hobart,AU,2022-03-31 21:30:10,-42.8794,147.3294,53.46,75,100,8.05
78,Georgetown,MY,2022-03-31 21:32:44,5.4112,100.3354,78.73,99,20,3.44
79,Mul,IN,2022-03-31 21:34:40,20.0667,79.6667,83.5,16,7,3.2
80,Vanavara,RU,2022-03-31 21:34:41,60.34,102.2797,32.4,76,100,19.26
81,Jamestown,US,2022-03-31 21:34:41,42.097,-79.2353,47.05,67,100,12.66
82,Pangody,RU,2022-03-31 21:34:42,65.85,74.4859,15.26,87,99,20.2
83,Daru,PG,2022-03-31 21:34:43,-9.0763,143.2092,76.66,91,98,8.88
84,Thompson,CA,2022-03-31 21:34:43,55.7435,-97.8558,41.16,33,75,10.36
85,Araxa,BR,2022-03-31 21:34:44,-19.5933,-46.9406,73.36,73,40,6.91
86,Hithadhoo,MV,2022-03-31 21:34:45,-0.6,73.0833,82.13,73,5,6.85
87,Villazon,BO,2022-03-31 21:34:45,-22.0866,-65.5942,57.16,48,1,19.98
88,Puerto Colombia,CO,2022-03-31 21:34:46,10.9878,-74.9547,84.29,79,82,21.5
89,San Luis,AR,2022-03-31 21:35:48,-33.295,-66.3356,61.38,25,0,5.03
90,Yumen,CN,2022-03-31 21:35:49,40.2833,97.2,34.5,24,0,8.16
91,Amahai,ID,2022-03-31 21:35:49,-3.3333,128.9167,77.36,81,85,2.35
92,Betioky,MG,2022-03-31 21:35:50,-23.7167,44.3833,73.17,66,0,10.92
93,Fort Nelson,CA,2022-03-31 21:35:51,58.8053,-122.7002,26.19,59,75,8.05
94,Kismayo,SO,2022-03-31 21:35:51,-0.3582,42.5454,80.82,81,96,13.06
95,Saint-Francois,FR,2022-03-31 21:35:52,46.4154,3.9054,40.68,93,100,9.22
96,Yarada,IN,2022-03-31 21:35:53,17.65,83.2667,80.35,90,12,10.56
97,Paita,PE,2022-03-31 21:35:54,-5.0892,-81.1144,76.57,72,17,17.27
98,Leningradskiy,RU,2022-03-31 21:35:55,69.3833,178.4167,-0.08,93,97,1.99
99,Codrington,AU,2022-03-31 21:35:55,-38.2667,141.9667,60.33,54,89,14.14
100,Charters Towers,AU,2022-03-31 21:35:56,-20.1,146.2667,76.8,35,0,5.59
101,Polunochnoye,RU,2022-03-31 21:35:56,60.8697,60.4153,12.24,89,7,5.55
102,Lebu,CL,2022-03-31 21:31:19,-37.6167,-73.65,54.64,72,94,19.91
103,Moranbah,AU,2022-03-31 21:35:57,-22.0016,148.0466,76.17,52,0,14.14
104,College,US,2022-03-31 21:35:58,64.8569,-147.8028,26.08,30,20,12.66
105,Pafos,CY,2022-03-31 21:35:58,34.7667,32.4167,56.98,67,0,2.3
106,Hilo,US,2022-03-31 21:35:59,19.7297,-155.09,80.33,75,40,10.36
107,Kita,ML,2022-03-31 21:35:59,13.0349,-9.4895,92.25,14,37,2.04
108,Tremedal,BR,2022-03-31 21:36:00,-14.9758,-41.4108,78.82,46,7,7.63
109,Ketchikan,US,2022-03-31 21:35:19,55.3422,-131.6461,45.07,70,100,13.8
110,Ahipara,NZ,2022-03-31 21:36:01,-35.1667,173.1667,70.5,66,95,1.23
111,San Juan,AR,2022-03-31 21:36:02,-31.5375,-68.5364,68.54,15,0,3.87
112,Saint George,US,2022-03-31 21:32:13,37.1041,-113.5841,76.62,21,0,16.11
113,Meulaboh,ID,2022-03-31 21:36:02,4.1363,96.1285,76.28,87,98,3.06
114,Comodoro Rivadavia,AR,2022-03-31 21:32:51,-45.8667,-67.5,66.06,34,0,10.36
115,Quchan,IR,2022-03-31 21:36:03,37.106,58.5095,49.78,50,5,4.65
116,Morondava,MG,2022-03-31 21:36:04,-20.2833,44.2833,77.76,59,0,11.83
117,Bani Walid,LY,2022-03-31 21:36:04,31.7566,13.9942,71.06,20,0,13.35
118,Chokurdakh,RU,2022-03-31 21:36:05,70.6333,147.9167,-24.93,100,98,3.69
119,Lorengau,PG,2022-03-31 21:36:06,-2.0226,147.2712,82.29,78,93,12.97
120,Vestmannaeyjar,IS,2022-03-31 21:36:07,63.4427,-20.2734,40.5,68,100,6.6
121,Chico,US,2022-03-31 21:35:40,39.7285,-121.8375,74.95,22,20,10.36
122,Waipawa,NZ,2022-03-31 21:36:08,-41.4122,175.5153,57.96,96,100,7.61
123,Buraydah,SA,2022-03-31 21:36:09,26.326,43.975,73.85,19,0,11.43
124,New Norfolk,AU,2022-03-31 21:36:10,-42.7826,147.0587,53.1,71,100,1.01
125,Taoudenni,ML,2022-03-31 21:36:10,22.6783,-3.9836,81.66,8,100,6.33
126,Barrow,US,2022-03-31 21:36:11,71.2906,-156.7887,-11.18,77,20,21.85
127,Biritiba-Mirim,BR,2022-03-31 21:36:12,-23.5698,-46.0407,68.18,98,100,10.38
128,Kahului,US,2022-03-31 21:36:12,20.8947,-156.47,82.42,69,40,24.16
129,Dikson,RU,2022-03-31 21:36:13,73.5069,80.5464,1.2,96,16,8.43
130,Whitehorse,CA,2022-03-31 21:36:13,60.7161,-135.0538,38.17,37,40,11.5
131,Clyde River,CA,2022-03-31 21:36:14,70.4692,-68.5914,5.23,85,20,2.3
132,Zhezkazgan,KZ,2022-03-31 21:36:15,47.8043,67.7144,41.63,59,100,4.85
133,Aquiraz,BR,2022-03-31 21:37:15,-3.9014,-38.3911,82.18,83,100,6.02
134,Beringovskiy,RU,2022-03-31 21:37:16,63.05,179.3167,9.03,94,100,22.79
135,San Cristobal,VE,2022-03-31 21:37:17,7.7669,-72.225,77.18,52,80,2.28
136,Prince Rupert,CA,2022-03-31 21:37:17,54.3161,-130.3201,46.49,66,75,11.5
137,Kharan,PK,2022-03-31 21:37:18,28.5833,65.4167,68.85,7,0,8.08
138,Qaanaaq,GL,2022-03-31 21:37:18,77.484,-69.3632,25.95,71,100,4.09
139,Kununurra,AU,2022-03-31 21:35:05,-15.7667,128.7333,69.78,94,63,3.44
140,Lufilufi,WS,2022-03-31 21:37:20,-13.8745,-171.5986,85.78,71,100,15.68
141,Yara,CU,2022-03-31 21:37:20,20.2753,-76.9533,88.56,45,29,4.32
142,Kathu,TH,2022-03-31 21:37:21,7.9178,98.3332,85.75,84,100,7.67
143,Hambantota,LK,2022-03-31 21:37:22,6.1241,81.1185,75.54,100,40,2.3
144,Isparta,TR,2022-03-31 21:37:22,38.0,31.0,47.95,46,99,10.16
145,Maniitsoq,GL,2022-03-31 21:37:23,65.4167,-52.9,23.52,87,36,5.21
146,Toora-Khem,RU,2022-03-31 21:37:24,52.4675,96.11,18.32,94,100,2.89
147,Ca Mau,VN,2022-03-31 21:37:24,9.1769,105.15,78.19,86,91,1.48
148,Pallini,GR,2022-03-31 21:37:25,37.997,23.8772,59.85,82,60,5.01
149,Cerqueira Cesar,BR,2022-03-31 21:37:26,-23.0356,-49.1661,61.2,91,99,17.29
150,Tazmalt,DZ,2022-03-31 21:37:26,36.3868,4.3989,51.03,72,91,5.86
151,Makuyuni,TZ,2022-03-31 21:37:27,-4.7333,38.1,70.56,94,59,1.99
152,Necochea,AR,2022-03-31 21:37:27,-38.5473,-58.7368,54.77,69,44,6.98
153,Aranos,NA,2022-03-31 21:37:28,-24.1333,19.1167,74.08,60,74,4.32
154,Avarua,CK,2022-03-31 21:37:29,-21.2078,-159.775,82.45,74,7,10.36
155,Manta,EC,2022-03-31 21:37:29,-0.95,-80.7333,80.38,83,75,10.36
156,San Quintin,MX,2022-03-31 21:37:30,30.4833,-115.95,62.49,64,0,18.41
157,Abha,SA,2022-03-31 21:37:31,18.2164,42.5053,61.05,14,0,6.91
158,Haines City,US,2022-03-31 21:37:32,28.1142,-81.6179,85.89,62,40,19.57
159,Beidao,CN,2022-03-31 21:37:33,34.5686,105.8933,45.27,48,100,2.39
160,Aswan,EG,2022-03-31 21:37:34,24.0934,32.907,81.7,13,0,5.75
161,Vardo,NO,2022-03-31 21:37:35,70.3705,31.1107,26.92,65,100,12.91
162,Yabelo,ET,2022-03-31 21:37:35,4.8833,38.0833,64.04,55,0,17.69
163,Preobrazheniye,RU,2022-03-31 21:37:36,42.9019,133.9064,31.96,53,3,9.98
164,Gillette,US,2022-03-31 21:37:37,44.2911,-105.5022,53.11,32,0,5.75
165,Mar Del Plata,AR,2022-03-31 21:37:37,-38.0023,-57.5575,60.82,76,40,5.99
166,Esperance,AU,2022-03-31 21:37:38,-33.8667,121.9,64.24,78,92,16.69
167,Upernavik,GL,2022-03-31 21:37:38,72.7868,-56.1549,13.68,97,100,9.46
168,Bilibino,RU,2022-03-31 21:37:39,68.0546,166.4372,-8.77,97,91,1.54
169,Sulina,RO,2022-03-31 21:37:40,45.1559,29.6536,53.31,71,100,20.27
170,Ilulissat,GL,2022-03-31 21:37:40,69.2167,-51.1,17.62,86,75,2.3
171,Vicksburg,US,2022-03-31 21:36:56,32.3526,-90.8779,67.68,38,0,9.22
172,Caravelas,BR,2022-03-31 21:37:41,-17.7125,-39.2481,77.99,82,0,7.23
173,Laguna,US,2022-03-31 21:37:42,38.421,-121.4238,72.14,41,0,9.22
174,Guerrero Negro,MX,2022-03-31 21:37:43,27.9769,-114.0611,65.62,59,39,20.51
175,Cedar City,US,2022-03-31 21:35:45,37.6775,-113.0619,56.37,41,75,10.36
176,Romitan,UZ,2022-03-31 21:37:44,39.9343,64.3814,53.55,62,0,6.91
177,Bandar,ID,2022-03-31 21:37:44,2.05,99.75,72.68,95,94,2.17
178,Baker City,US,2022-03-31 21:35:49,44.7749,-117.8344,47.91,40,20,10.36
179,Ankazoabo,MG,2022-03-31 21:37:46,-22.2833,44.5167,67.32,80,0,3.8
180,Zhangye,CN,2022-03-31 21:38:47,38.9342,100.4517,38.3,38,15,7.67
181,Tuktoyaktuk,CA,2022-03-31 21:38:48,69.4541,-133.0374,-18.4,76,20,11.5
182,Sombrerete,MX,2022-03-31 21:38:49,23.6333,-103.65,76.64,5,86,16.24
183,Businga,CD,2022-03-31 21:38:49,3.3333,20.8833,77.54,63,42,1.83
184,Puerto Del Rosario,ES,2022-03-31 21:38:50,28.5004,-13.8627,65.95,68,20,16.11
185,Qinhuangdao,CN,2022-03-31 21:38:51,39.9317,119.5883,38.08,32,0,6.08
186,Oistins,BB,2022-03-31 21:38:52,13.0667,-59.5333,78.89,83,40,18.41
187,Campbell River,CA,2022-03-31 21:38:52,50.0163,-125.2446,51.46,62,40,5.75
188,Yartsevo,RU,2022-03-31 21:38:53,55.0667,32.6964,26.04,95,100,7.29
189,Pyaozerskiy,RU,2022-03-31 21:38:54,65.8333,31.1667,8.67,95,81,3.53
190,Pierre,US,2022-03-31 21:38:55,44.3683,-100.351,43.86,50,0,3.44
191,Verkhoyansk,RU,2022-03-31 21:38:56,67.5447,133.385,-12.66,100,96,2.13
192,Nador,MA,2022-03-31 21:38:56,35.174,-2.9287,62.85,59,0,17.27
193,Opuwo,NA,2022-03-31 21:38:57,-18.0607,13.84,72.57,63,43,2.24
194,Ferkessedougou,CI,2022-03-31 21:38:58,9.6,-5.2,86.85,44,61,5.41
195,Shiyan,CN,2022-03-31 21:38:58,32.6475,110.7781,50.34,79,100,1.16
196,Poum,NC,2022-03-31 21:38:59,-20.2333,164.0167,80.38,80,46,6.62
197,Petropavlovsk-Kamchatskiy,RU,2022-03-31 21:39:00,53.0452,158.6483,21.78,68,0,6.71
198,Beloha,MG,2022-03-31 21:39:01,-25.1667,45.05,70.12,85,0,8.43
199,Muros,ES,2022-03-31 21:39:01,42.7762,-9.0603,52.09,77,32,13.22
200,Srednekolymsk,RU,2022-03-31 21:39:02,67.45,153.6833,-6.05,96,97,2.64
201,Bururi,BI,2022-03-31 21:39:03,-3.85,29.6333,56.79,93,67,1.63
202,Nouadhibou,MR,2022-03-31 21:39:04,20.931,-17.0347,66.18,72,0,18.41
203,Zheleznodorozhnyy,RU,2022-03-31 21:39:04,55.7503,38.0042,32.61,95,100,2.08
204,Ribeira Grande,PT,2022-03-31 21:39:05,38.5167,-28.7,61.97,90,99,18.34
205,East London,ZA,2022-03-31 21:39:06,-33.0153,27.9116,67.78,93,100,4.27
206,Petilia Policastro,IT,2022-03-31 21:39:06,39.1139,16.7855,56.3,78,42,9.42
207,Port-Gentil,GA,2022-03-31 21:39:07,-0.7193,8.7815,78.76,89,20,4.61
208,Buchen,DE,2022-03-31 21:39:08,49.5239,9.3231,40.59,91,100,5.95
209,Bambanglipuro,ID,2022-03-31 21:39:08,-7.95,110.2833,76.1,86,76,3.56
210,Priladozhskiy,RU,2022-03-31 21:39:09,59.85,31.4833,20.53,1,13,2.44
211,Eden,US,2022-03-31 21:34:12,36.4885,-79.7667,73.96,53,40,11.5
212,Dakar,SN,2022-03-31 21:39:10,14.6937,-17.4441,70.68,83,0,6.91
213,Valparaiso,CL,2022-03-31 21:39:10,-33.0393,-71.6273,80.83,35,0,13.8
214,Isangel,VU,2022-03-31 21:39:11,-19.55,169.2667,82.51,89,75,3.44
215,Katsina,NG,2022-03-31 21:39:12,12.9894,7.6006,80.11,8,6,7.58
216,Luderitz,NA,2022-03-31 21:39:12,-26.6481,15.1594,62.1,72,0,17.05
217,Gobabis,NA,2022-03-31 21:39:13,-22.45,18.9667,67.42,76,66,6.76
218,Lata,PT,2022-03-31 21:39:13,40.1629,-8.3327,47.26,96,49,4.79
219,Belyy Yar,RU,2022-03-31 21:39:14,53.6039,91.3903,37.29,72,0,4.47
220,Lake City,US,2022-03-31 21:39:15,30.1897,-82.6393,73.65,94,75,8.05
221,Hasaki,JP,2022-03-31 21:39:15,35.7333,140.8333,37.8,83,100,27.45
222,Mackay,AU,2022-03-31 21:39:16,-21.15,149.2,69.78,88,0,3.44
223,Tuatapere,NZ,2022-03-31 21:39:17,-46.1333,167.6833,49.08,78,100,5.64
224,Namatanai,PG,2022-03-31 21:40:17,-3.6667,152.4333,82.62,75,89,8.19
225,Rabo De Peixe,PT,2022-03-31 21:40:18,37.8,-25.5833,60.31,88,40,8.05
226,Vila Franca Do Campo,PT,2022-03-31 21:40:19,37.7167,-25.4333,61.21,93,83,4.97
227,Constitucion,CL,2022-03-31 21:40:19,-35.3333,-72.4167,61.45,60,0,15.82
228,Mulchen,CL,2022-03-31 21:40:20,-37.7167,-72.2333,71.46,28,57,8.81
229,Nemuro,JP,2022-03-31 21:40:21,43.3236,145.575,28.63,95,100,14.23
230,Deputatskiy,RU,2022-03-31 21:40:21,69.3,139.9,-15.79,99,41,3.13
231,Manikpur,IN,2022-03-31 21:40:22,25.0667,81.1167,81.07,16,0,4.03
232,Strezhevoy,RU,2022-03-31 21:40:23,60.7333,77.5889,10.13,97,100,4.12
233,Bilma,NE,2022-03-31 21:40:23,18.6853,12.9164,76.95,4,8,6.71
234,Husavik,IS,2022-03-31 21:40:25,66.0449,-17.3389,32.79,98,100,2.13
235,Kryve Ozero,UA,2022-03-31 21:40:25,47.9524,30.3493,52.86,73,100,14.61
236,Berlevag,NO,2022-03-31 21:40:26,70.8578,29.0864,26.55,59,40,18.41
237,Fukue,JP,2022-03-31 21:40:26,32.6881,128.8419,54.18,67,100,29.42
238,Katherine,AU,2022-03-31 21:40:27,-14.4667,132.2667,68.32,64,79,5.75
239,Casablanca,MA,2022-03-31 21:35:55,33.5928,-7.6192,59.22,78,9,7.54
240,Palasbari,IN,2022-03-31 21:40:28,26.1361,91.5486,71.62,86,81,6.73
241,Egvekinot,RU,2022-03-31 21:40:28,66.3167,-179.1667,9.59,84,97,17.27
242,Tessalit,ML,2022-03-31 21:40:29,20.1986,1.0114,83.46,13,97,8.63
243,Santa Maria,BR,2022-03-31 21:40:30,-29.6842,-53.8069,63.7,45,0,4.61
244,Coihaique,CL,2022-03-31 21:40:30,-45.5752,-72.0662,58.95,58,40,4.61
245,Salta,AR,2022-03-31 21:40:31,-24.7859,-65.4117,57.79,67,100,9.22
246,Sur,OM,2022-03-31 21:40:32,22.5667,59.5289,81.82,39,0,6.82
247,Kruisfontein,ZA,2022-03-31 21:40:32,-34.0033,24.7314,63.88,79,100,3.6
248,Cidreira,BR,2022-03-31 21:40:33,-30.1811,-50.2056,61.12,65,70,7.09
249,Antalya,TR,2022-03-31 21:40:33,36.7741,30.7178,56.08,65,0,2.3
250,Longyearbyen,SJ,2022-03-31 21:40:34,78.2186,15.6401,8.44,72,75,12.66
251,Panjab,AF,2022-03-31 21:40:34,34.388,67.0233,40.26,32,57,1.59
252,Pitimbu,BR,2022-03-31 21:40:35,-7.4706,-34.8086,81.19,73,96,9.82
253,Fazilka,IN,2022-03-31 21:40:36,30.4,74.0333,71.08,15,0,6.06
254,Alice Springs,AU,2022-03-31 21:40:37,-23.7,133.8833,49.55,66,2,5.75
255,Severo-Kurilsk,RU,2022-03-31 21:40:38,50.6789,156.125,28.98,81,81,15.64
256,Faya,SA,2022-03-31 21:40:38,18.3851,42.4509,61.32,20,0,5.3
257,Samana,DO,2022-03-31 21:40:39,19.2056,-69.3369,82.62,69,20,9.22
258,Tongliao,CN,2022-03-31 21:40:40,43.6125,122.2653,28.62,36,4,6.35
259,Leshukonskoye,RU,2022-03-31 21:40:40,64.8989,45.7622,12.42,98,91,3.09
260,Kribi,CM,2022-03-31 21:40:41,2.95,9.9167,80.38,85,61,5.91
261,Kariapatti,IN,2022-03-31 21:40:41,9.6751,78.0999,81.12,89,12,2.3
262,Saskylakh,RU,2022-03-31 21:40:42,71.9167,114.0833,4.77,97,100,7.45
263,Vao,NC,2022-03-31 21:40:43,-22.6667,167.4833,78.93,84,1,13.38
264,Purpe,RU,2022-03-31 21:40:43,64.4803,76.6897,10.74,90,65,17.92
265,Taltal,CL,2022-03-31 21:40:44,-25.4,-70.4833,66.43,67,22,5.12
266,Kalmunai,LK,2022-03-31 21:40:44,7.4167,81.8167,77.5,88,16,6.93
267,Hanyang,CN,2022-03-31 21:40:45,32.1371,105.5126,45.9,91,86,1.7
268,Hami,CN,2022-03-31 21:40:45,42.8,93.45,42.93,25,0,6.38
269,Udachnyy,RU,2022-03-31 21:40:46,66.4167,112.4,13.33,95,100,7.49
270,Richards Bay,ZA,2022-03-31 21:40:47,-28.783,32.0377,72.72,88,0,7.58
271,Mhlume,SZ,2022-03-31 21:40:48,-26.0333,31.85,71.44,95,1,2.46
272,Bengkulu,ID,2022-03-31 21:41:48,-3.8004,102.2655,75.02,81,99,4.59
273,Payo,ID,2022-03-31 21:41:49,-3.7508,103.6372,72.05,91,71,1.68
274,Ulcinj,ME,2022-03-31 21:41:49,41.9294,19.2244,59.22,89,100,28.54
275,Conde,BR,2022-03-31 21:40:11,-7.2597,-34.9075,80.06,78,20,9.22
276,Tilichiki,RU,2022-03-31 21:41:50,60.4667,166.1,0.25,82,14,10.36
277,La Ronge,CA,2022-03-31 21:41:51,55.1001,-105.2842,39.45,41,100,12.66
278,Ambovombe,MG,2022-03-31 21:41:52,-25.1667,46.0833,70.74,86,0,10.16
279,Asau,RO,2022-03-31 21:41:53,46.4333,26.4,56.32,73,100,4.54
280,Sao Filipe,CV,2022-03-31 21:41:53,14.8961,-24.4956,70.93,77,6,9.13
281,Yulara,AU,2022-03-31 21:41:53,-25.2406,130.9889,58.84,44,59,6.91
282,Slidell,US,2022-03-31 21:41:29,30.2752,-89.7812,76.3,39,0,14.0
283,Dunedin,NZ,2022-03-31 21:41:54,-45.8742,170.5036,52.81,58,100,1.01
284,Mayor Pablo Lagerenza,PY,2022-03-31 21:41:55,-19.9309,-60.7718,58.51,41,100,7.99
285,Puerto Escondido,MX,2022-03-31 21:41:56,15.85,-97.0667,83.23,69,40,11.5
286,Sherbakul,RU,2022-03-31 21:41:56,54.6316,72.3963,32.56,82,100,12.15
287,Cabo San Lucas,MX,2022-03-31 21:39:10,22.8909,-109.9124,81.7,38,20,11.5
288,Hamilton,US,2022-03-31 21:41:57,39.1834,-84.5333,44.69,75,100,13.8
289,Yilan,TW,2022-03-31 21:41:58,24.757,121.753,64.36,99,100,3.47
290,Saint-Joseph,RE,2022-03-31 21:42:00,-21.3667,55.6167,75.58,79,90,13.22
291,Vytegra,RU,2022-03-31 21:42:01,61.0064,36.4481,9.72,96,47,2.48
292,Batagay-Alyta,RU,2022-03-31 21:42:01,67.8006,130.4114,-8.34,88,94,2.46
293,Sao Joao Da Barra,BR,2022-03-31 21:42:02,-21.6403,-41.0511,80.69,84,2,9.06
294,Harwich,GB,2022-03-31 21:42:03,51.9419,1.2844,38.5,62,60,13.0
295,Sinnamary,GF,2022-03-31 21:42:03,5.3833,-52.95,77.76,79,92,9.69
296,Kodiak,US,2022-03-31 21:42:04,57.79,-152.4072,40.51,93,100,21.85
297,Kavieng,PG,2022-03-31 21:42:05,-2.5744,150.7967,82.38,79,99,11.48
298,Cockburn Town,TC,2022-03-31 21:39:06,21.4612,-71.1419,76.96,78,75,17.27
299,Cheney,US,2022-03-31 21:42:06,47.4874,-117.5758,53.31,36,100,17.27
300,Port Elizabeth,ZA,2022-03-31 21:42:06,-33.918,25.5701,66.49,80,100,12.66
301,Brae,GB,2022-03-31 21:42:07,60.3964,-1.353,37.69,66,84,13.33
302,Seondha,IN,2022-03-31 21:42:08,26.1578,78.7797,79.29,15,0,3.18
303,Chiredzi,ZW,2022-03-31 21:42:08,-21.05,31.6667,68.67,70,0,3.58
304,Rio De Janeiro,BR,2022-03-31 21:41:41,-22.9028,-43.2075,79.02,81,100,10.36
305,Rio Grande,BR,2022-03-31 21:41:52,-32.035,-52.0986,66.31,60,16,11.07
306,Nuevo Progreso,MX,2022-03-31 21:42:09,23.1667,-97.95,82.54,52,77,8.99
307,Itarema,BR,2022-03-31 21:42:09,-2.9248,-39.9167,76.42,88,100,7.29
308,Aklavik,CA,2022-03-31 21:42:10,68.2191,-135.0107,-9.4,54,20,8.05
309,Lae,PG,2022-03-31 21:42:11,-6.7221,146.9847,78.96,84,100,6.2
310,Port Hardy,CA,2022-03-31 21:42:11,50.6996,-127.4199,46.4,87,75,5.75
311,Pangnirtung,CA,2022-03-31 21:42:12,66.1451,-65.7125,21.2,93,100,3.44
312,Tyup,KG,2022-03-31 21:42:13,42.7276,78.3648,31.21,60,0,4.54
313,Flin Flon,CA,2022-03-31 21:42:13,54.7682,-101.865,39.04,38,75,10.36
314,Blagoyevo,RU,2022-03-31 21:42:14,63.3667,47.9167,20.64,95,100,6.69
315,Wilkie,CA,2022-03-31 21:42:14,52.4168,-108.7014,34.18,92,100,24.49
316,Yangambi,CD,2022-03-31 21:42:15,0.8102,24.4336,69.49,95,100,4.43
317,Volchikha,RU,2022-03-31 21:43:16,52.0333,80.3833,31.42,77,100,9.73
318,Port Blair,IN,2022-03-31 21:43:17,11.6667,92.75,77.04,100,20,2.3
319,Talaya,RU,2022-03-31 21:43:18,61.3833,152.75,-2.42,96,100,4.85
320,Ust-Nera,RU,2022-03-31 21:43:20,64.5667,143.2,-5.57,99,87,1.39
321,Aksarka,RU,2022-03-31 21:43:20,66.5606,67.7975,10.78,85,100,15.41
322,Chuy,UY,2022-03-31 21:43:21,-33.6971,-53.4616,56.08,76,51,8.41
323,Poya,NC,2022-03-31 21:43:22,-21.35,165.15,82.11,79,11,1.95
324,Ossora,RU,2022-03-31 21:43:22,59.2353,163.0719,12.51,71,26,4.59
325,Grand Gaube,MU,2022-03-31 21:43:23,-20.0064,57.6608,79.2,77,98,7.0
326,Tigil,RU,2022-03-31 21:43:24,57.8,158.6667,20.71,87,100,9.19
327,Sanda,JP,2022-03-31 21:43:24,34.8833,135.2333,44.98,94,100,16.62
328,Hailar,CN,2022-03-31 21:43:25,49.2,119.7,10.44,66,56,6.71
329,Malumfashi,NG,2022-03-31 21:43:26,11.7853,7.6218,79.0,9,24,8.12
330,Moron,AR,2022-03-31 21:43:27,-34.6534,-58.6198,64.09,35,75,2.1
331,Mitchell,US,2022-03-31 21:43:28,43.7094,-98.0298,42.78,39,0,12.66
332,Fairbanks,US,2022-03-31 21:42:28,64.8378,-147.7164,26.1,30,0,12.66
333,Ayagoz,KZ,2022-03-31 21:43:31,47.9714,80.4392,16.77,85,55,5.39
334,Skelleftea,SE,2022-03-31 21:43:32,64.7507,20.9528,17.96,64,100,5.75
335,Nevelsk,RU,2022-03-31 21:43:32,46.6733,141.8633,26.87,73,58,3.33
336,Nalut,LY,2022-03-31 21:43:33,30.3333,10.85,63.91,24,25,11.3
337,General Pico,AR,2022-03-31 21:43:34,-35.6566,-63.7568,58.86,30,0,6.71
338,Locri,IT,2022-03-31 21:43:35,38.2414,16.2623,59.32,91,9,8.81
339,Hofn,IS,2022-03-31 21:43:35,64.2539,-15.2082,38.71,64,100,4.29
340,Port Hawkesbury,CA,2022-03-31 21:43:36,45.6169,-61.3485,42.91,58,40,2.3
341,Sorland,NO,2022-03-31 21:43:36,67.667,12.6934,33.39,52,99,7.07
342,Arlit,NE,2022-03-31 21:43:37,18.7369,7.3853,81.1,4,1,4.59
343,Tuensang,IN,2022-03-31 21:43:38,26.2833,94.8333,61.74,88,84,2.44
344,Ihosy,MG,2022-03-31 21:43:39,-22.4,46.1167,65.5,89,91,9.89
345,Okhotsk,RU,2022-03-31 21:43:39,59.3833,143.3,7.36,77,59,16.04
346,Ulaanbaatar,MN,2022-03-31 21:43:40,47.9077,106.8832,8.73,66,0,4.47
347,Sangar,RU,2022-03-31 21:43:41,63.9242,127.4739,2.01,90,97,4.94
348,Bucerias,MX,2022-03-31 21:40:22,20.75,-105.3333,76.98,65,40,14.97
349,Oktyabrskiy,RU,2022-03-31 21:43:41,54.4815,53.471,30.18,97,100,9.26
350,Mount Gambier,AU,2022-03-31 21:43:43,-37.8333,140.7667,46.31,93,15,8.05
351,Uyuni,BO,2022-03-31 21:43:43,-20.4597,-66.825,60.01,16,3,7.85
352,Bonthe,SL,2022-03-31 21:43:44,7.5264,-12.505,78.73,90,70,6.13
353,Parana,AR,2022-03-31 21:42:53,-31.732,-60.5238,60.46,52,86,5.66
354,Nanortalik,GL,2022-03-31 21:43:45,60.1432,-45.2371,35.64,89,99,3.71
355,Cherskiy,RU,2022-03-31 21:43:46,68.75,161.3,-11.43,97,100,3.36
356,Basco,PH,2022-03-31 21:43:46,20.4487,121.9702,78.98,78,33,25.12
357,Akdepe,TM,2022-03-31 21:43:47,42.0551,59.3788,57.4,30,100,4.16
358,Flinders,AU,2022-03-31 21:43:47,-34.5833,150.8552,59.18,90,100,10.0
359,Tiarei,PF,2022-03-31 21:43:48,-17.5333,-149.3333,87.82,68,47,10.76
360,Wentzville,US,2022-03-31 21:43:49,38.8114,-90.8529,38.88,85,100,5.99
361,Dawei,MM,2022-03-31 21:43:49,14.0833,98.2,75.56,92,82,3.78
362,Saravan,AM,2022-03-31 21:43:49,39.7196,45.6483,33.04,67,0,7.09
363,Sabha,LY,2022-03-31 21:44:50,27.0377,14.4283,76.37,15,92,3.89
364,Lai,TD,2022-03-31 21:44:51,9.3952,16.2989,90.66,18,75,4.83
365,Ukiah,US,2022-03-31 21:44:52,39.1502,-123.2078,72.16,44,0,9.22
366,Kaoma,ZM,2022-03-31 21:44:52,-14.7833,24.8,62.17,97,91,5.1
367,Tekeli,KZ,2022-03-31 21:44:53,44.83,78.8239,32.94,50,4,13.42
368,Beberibe,BR,2022-03-31 21:44:54,-4.1797,-38.1306,77.9,83,100,6.96
369,Celestun,MX,2022-03-31 21:44:54,20.8667,-90.4,82.38,75,3,12.3
370,Karratha,AU,2022-03-31 21:44:55,-20.7377,116.8463,84.0,71,72,7.74
371,Neepawa,CA,2022-03-31 21:44:55,50.2289,-99.4664,37.8,81,36,7.02
372,Hobyo,SO,2022-03-31 21:44:56,5.3505,48.5268,81.91,76,4,14.29
373,Margate,GB,2022-03-31 21:43:46,51.3813,1.3862,39.69,58,99,18.01
374,Biharamulo,TZ,2022-03-31 21:44:57,-2.6319,31.3089,59.68,95,21,4.36
375,Broken Hill,AU,2022-03-31 21:44:58,-31.95,141.4333,53.31,71,0,12.66
376,Kroya,ID,2022-03-31 21:44:58,-7.6331,109.2461,76.14,85,100,4.85
377,Ampanihy,MG,2022-03-31 21:44:59,-24.7,44.75,70.57,71,0,5.68
378,Malacky,SK,2022-03-31 21:45:00,48.436,17.0219,45.99,83,100,7.0
379,Achi,CO,2022-03-31 21:45:01,8.5682,-74.554,86.67,68,99,2.84
380,Cuamba,MZ,2022-03-31 21:45:02,-14.8031,36.5372,67.01,97,29,0.56
381,Vendas Novas,PT,2022-03-31 21:45:03,38.6771,-8.4579,47.46,91,5,7.36
382,Riyadh,SA,2022-03-31 21:42:35,24.6877,46.7219,75.34,14,0,6.78
383,Muravlenko,RU,2022-03-31 21:45:04,63.7898,74.523,8.92,92,18,15.03
384,Swiecie,PL,2022-03-31 21:44:32,53.4095,18.4474,35.8,35,100,8.01
385,Homer,US,2022-03-31 21:45:05,59.6425,-151.5483,43.81,61,75,21.85
386,Bridgetown,BB,2022-03-31 21:41:42,13.1,-59.6167,79.29,83,40,18.41
387,Puksoozero,RU,2022-03-31 21:45:07,62.5903,40.6066,3.13,100,71,3.65
388,Xique-Xique,BR,2022-03-31 21:45:07,-10.8218,-42.7263,82.74,51,89,2.19
389,Barabinsk,RU,2022-03-31 21:45:08,55.3571,78.357,33.13,82,100,16.69
390,Broome,US,2022-03-31 21:45:09,42.2506,-75.833,62.2,78,100,11.01
391,Saint-Paul,RE,2022-03-31 21:45:09,-21.0096,55.2707,78.89,73,100,3.13
392,Almenara,BR,2022-03-31 21:45:10,-16.1836,-40.6944,81.32,54,36,2.42
393,Gimli,CA,2022-03-31 21:45:11,50.6336,-96.9907,30.22,69,18,2.3
394,Imeni Poliny Osipenko,RU,2022-03-31 21:45:11,52.4201,136.4853,9.07,92,73,3.13
395,Paamiut,GL,2022-03-31 21:45:12,61.994,-49.6678,33.78,99,100,1.77
396,Cervo,ES,2022-03-31 21:45:13,43.6702,-7.4101,48.96,66,99,17.16
397,Werota,ET,2022-03-31 21:45:13,11.9167,37.7,74.43,31,92,5.97
398,Portland,US,2022-03-31 21:44:12,45.5234,-122.6762,57.63,57,40,9.22
399,Ostrovnoy,RU,2022-03-31 21:45:15,68.0531,39.5131,22.15,79,100,10.69
400,Jacqueville,CI,2022-03-31 21:45:15,5.2052,-4.4146,81.19,88,80,8.23
401,Cayenne,GF,2022-03-31 21:45:16,4.9333,-52.3333,81.09,1,75,8.05
402,Cedar Rapids,US,2022-03-31 21:42:33,42.0083,-91.6441,35.1,78,100,18.99
403,Tananger,NO,2022-03-31 21:45:17,58.9333,5.6,37.38,72,0,6.91
404,Santa Cruz,BO,2022-03-31 21:45:18,-17.8,-63.1667,68.05,32,40,23.02
405,Phek,IN,2022-03-31 21:45:20,25.6667,94.5,50.16,91,70,1.34
406,Nizhneangarsk,RU,2022-03-31 21:45:21,55.7833,109.55,16.43,96,100,1.77
407,San Policarpo,PH,2022-03-31 21:45:22,12.1791,125.5072,80.58,81,100,10.42
408,Santander,ES,2022-03-31 21:46:22,43.4647,-3.8044,50.47,70,75,25.99
409,Santo Nino,PH,2022-03-31 21:46:23,6.435,124.6975,73.44,92,73,0.72
410,Makakilo City,US,2022-03-31 21:46:24,21.3469,-158.0858,82.72,59,20,18.41
411,Smolenka,RU,2022-03-31 21:46:26,52.1352,113.4974,15.87,62,62,2.24
412,Itapirapua,BR,2022-03-31 21:46:26,-15.8233,-50.6133,77.07,77,62,4.32
413,Zhigansk,RU,2022-03-31 21:46:27,66.7697,123.3711,10.17,94,99,17.76
414,Torbay,CA,2022-03-31 21:46:28,47.6666,-52.7314,38.39,72,75,11.5
415,Joconal,HN,2022-03-31 21:46:28,15.3544,-88.6356,85.21,38,76,5.37
416,Takoradi,GH,2022-03-31 21:46:29,4.8845,-1.7554,79.39,84,100,7.23
417,Lermontovka,RU,2022-03-31 21:46:29,47.1453,134.3383,22.1,85,68,5.1
418,Nouakchott,MR,2022-03-31 21:43:25,18.0858,-15.9785,75.13,51,2,15.5
419,Chumikan,RU,2022-03-31 21:46:31,54.7183,135.315,8.89,81,4,10.56
420,Diamantino,BR,2022-03-31 21:46:32,-14.4086,-56.4461,63.28,96,100,7.05
421,Forio,IT,2022-03-31 21:46:33,40.7342,13.8646,55.81,89,99,10.0
422,Hervey Bay,AU,2022-03-31 21:46:33,-25.2986,152.8535,71.02,81,94,7.0
423,Felipe Carrillo Puerto,MX,2022-03-31 21:46:34,19.5833,-88.05,90.5,47,21,9.44
424,Bangkalan,ID,2022-03-31 21:46:35,-7.0455,112.7351,80.01,85,57,2.84
425,Chernyshevskiy,RU,2022-03-31 21:46:36,63.0128,112.4714,19.22,94,99,8.57
426,Gushikawa,JP,2022-03-31 21:46:36,26.3544,127.8686,69.03,70,75,16.11
427,Puerto Ayacucho,VE,2022-03-31 21:46:37,5.6639,-67.6236,89.83,46,76,7.92
428,Port Hedland,AU,2022-03-31 21:46:38,-20.3167,118.5667,78.85,89,28,5.75
429,Salalah,OM,2022-03-31 21:43:37,17.0151,54.0924,78.89,53,0,3.44
430,Padang,ID,2022-03-31 21:46:39,-0.9492,100.3543,75.22,74,39,3.85
431,Miri,MY,2022-03-31 21:44:57,4.4148,114.0089,75.34,94,40,2.3
432,Verkhnyachka,UA,2022-03-31 21:46:40,48.8285,30.0396,52.05,74,100,12.59
433,Awbari,LY,2022-03-31 21:46:40,26.5921,12.7805,77.36,16,94,8.16
434,El Alto,PE,2022-03-31 21:46:41,-4.2714,-81.2147,80.26,73,38,14.67
435,Axim,GH,2022-03-31 21:46:42,4.8699,-2.2405,79.63,82,100,5.7
436,Las Vegas,US,2022-03-31 21:45:40,36.175,-115.1372,81.18,21,0,5.75
437,Demba,CD,2022-03-31 21:46:43,-5.51,22.2667,71.02,82,89,2.26
438,Motupe,PE,2022-03-31 21:46:44,-6.1519,-79.7142,84.27,57,64,9.6
439,Moree,AU,2022-03-31 21:46:44,-29.4667,149.85,60.82,67,0,8.05
440,Terrace Bay,CA,2022-03-31 21:46:45,48.7834,-87.1,30.07,80,98,16.28
441,Kanchanaburi,TH,2022-03-31 21:46:46,14.6333,99.1,76.5,77,67,3.42
442,La Rioja,ES,2022-03-31 21:41:59,42.25,-2.5,38.98,98,100,15.48
443,Praia Da Vitoria,PT,2022-03-31 21:46:47,38.7333,-27.0667,62.76,88,40,10.07
444,Adrar,MR,2022-03-31 21:46:48,20.5022,-10.0711,74.3,16,98,10.25
445,Ilinskiy,RU,2022-03-31 21:46:48,55.619,38.1182,32.38,93,75,7.0
446,Palu,ID,2022-03-31 21:46:49,-0.8917,119.8707,74.44,89,98,2.66
447,Tevaitoa,PF,2022-03-31 21:46:50,-16.7833,-151.5,81.88,69,31,13.09
448,Wajima,JP,2022-03-31 21:46:51,37.4,136.9,41.94,46,99,11.27
449,Anloga,GH,2022-03-31 21:46:52,5.7947,0.8973,82.71,85,71,14.41
450,Gisborne,NZ,2022-03-31 21:46:53,-38.6533,178.0042,65.35,76,56,3.96
451,Tutoia,BR,2022-03-31 21:46:53,-2.7619,-42.2744,77.38,87,98,5.73
452,Marawi,PH,2022-03-31 21:46:54,7.9986,124.2928,68.07,95,98,0.69
453,Tomatlan,MX,2022-03-31 21:47:55,19.9333,-105.25,83.89,33,54,10.27
454,Altamont,US,2022-03-31 21:47:55,42.2068,-121.7372,53.89,29,100,8.01
455,Nacala,MZ,2022-03-31 21:47:56,-14.5428,40.6728,75.36,87,100,3.67
456,Corn Island,NI,2022-03-31 21:47:56,12.1694,-83.0418,81.19,77,80,13.87
457,Vysokogornyy,RU,2022-03-31 21:47:57,50.1167,139.15,16.92,94,99,0.31
458,Kropotkin,RU,2022-03-31 21:47:58,45.4375,40.5756,52.03,64,78,8.63
459,Pacific Grove,US,2022-03-31 21:47:58,36.6177,-121.9166,67.01,76,0,11.5
460,Novikovo,RU,2022-03-31 21:47:59,51.1537,37.8879,49.03,79,100,9.93
461,Rawson,AR,2022-03-31 21:48:00,-43.3002,-65.1023,64.94,35,92,4.79
462,Bathsheba,BB,2022-03-31 21:48:01,13.2167,-59.5167,79.41,83,40,18.41
463,Abeche,TD,2022-03-31 21:48:02,13.8292,20.8324,79.97,8,4,8.03
464,Baruun-Urt,MN,2022-03-31 21:48:02,46.6806,113.2792,24.58,33,100,7.29
465,Camacha,PT,2022-03-31 21:48:03,33.0833,-16.3333,56.62,82,75,9.22
466,Alyangula,AU,2022-03-31 21:48:03,-13.8483,136.4192,66.07,100,21,0.0
467,Matagami,CA,2022-03-31 21:48:04,49.7502,-77.6328,33.91,100,100,3.44
468,Kidal,ML,2022-03-31 21:48:04,18.4411,1.4078,84.54,3,57,7.49
469,Launceston,AU,2022-03-31 21:48:05,-41.45,147.1667,54.61,61,23,17.27
470,Turukhansk,RU,2022-03-31 21:48:06,65.8167,87.9833,14.18,91,100,18.86
471,Arcata,US,2022-03-31 21:48:06,40.8665,-124.0828,61.12,61,0,18.41
472,Yuryevets,RU,2022-03-31 21:48:07,57.3201,43.1041,25.23,97,100,3.87
473,Hokitika,NZ,2022-03-31 21:48:07,-42.7167,170.9667,63.68,58,100,8.52
474,Saint-Augustin,CA,2022-03-31 21:48:08,51.226,-58.6502,31.89,88,10,7.07
475,Dongying,CN,2022-03-31 21:48:08,37.4564,118.4856,41.76,50,100,1.34
476,Misratah,LY,2022-03-31 21:48:09,32.3754,15.0925,64.96,65,0,9.42
477,Alofi,NU,2022-03-31 21:48:09,-19.0595,-169.9187,84.09,79,40,8.05
478,Saint-Georges,GD,2022-03-31 21:48:10,12.0564,-61.7485,82.08,69,20,17.27
479,Khandyga,RU,2022-03-31 21:48:11,62.6667,135.6,-6.97,100,100,1.34
480,Los Llanos De Aridane,ES,2022-03-31 21:48:11,28.6585,-17.9182,60.55,80,40,10.36
481,Birmitrapur,IN,2022-03-31 21:48:12,22.4,84.7667,72.99,36,0,2.19
482,Conceicao Do Araguaia,BR,2022-03-31 21:48:12,-8.2578,-49.2647,75.09,93,95,0.85
483,Arman,RU,2022-03-31 21:48:13,59.7,150.1667,8.35,74,75,8.81
484,Ancud,CL,2022-03-31 21:46:55,-41.8697,-73.8203,58.23,74,100,1.88
485,Saint Pete Beach,US,2022-03-31 21:48:14,27.7253,-82.7412,82.11,74,75,18.41
486,Nortelandia,BR,2022-03-31 21:48:15,-14.4547,-56.8028,61.5,95,100,5.5
487,Thaton,MM,2022-03-31 21:48:15,16.9206,97.3714,78.57,83,95,1.81
488,Bereda,ES,2022-03-31 21:48:16,43.2686,-7.5406,43.57,100,100,6.67
489,Gomel,BY,2022-03-31 21:48:16,52.4345,30.9754,36.82,100,100,11.18
490,Pinega,RU,2022-03-31 21:48:17,64.7001,43.3936,7.9,97,68,4.32
491,Tura,IN,2022-03-31 21:48:17,25.5198,90.2201,68.63,92,73,3.09
492,Hirara,JP,2022-03-31 21:48:18,24.8,125.2833,68.27,83,75,21.85
493,Havoysund,NO,2022-03-31 21:48:18,70.9963,24.6622,26.83,69,100,8.37
494,Pisco,PE,2022-03-31 21:44:46,-13.7,-76.2167,73.45,60,0,18.41
495,Medea,DZ,2022-03-31 21:48:19,36.2642,2.7539,42.24,89,99,5.86
496,Gat,IL,2022-03-31 21:48:20,31.61,34.7642,58.82,55,21,1.23
497,Vangaindrano,MG,2022-03-31 21:48:21,-23.35,47.6,71.1,87,21,3.4
498,Gines,ES,2022-03-31 21:48:21,37.3868,-6.0774,57.92,70,20,11.5
499,Santa Rosa,PH,2022-03-31 21:43:57,14.3122,121.1114,82.38,80,38,7.94
500,Viedma,AR,2022-03-31 21:48:22,-40.8135,-62.9967,65.64,18,13,9.35
501,Cabedelo,BR,2022-03-31 21:47:09,-6.9811,-34.8339,81.27,78,81,10.89
502,Tautira,PF,2022-03-31 21:49:23,-17.7333,-149.15,81.03,72,49,10.36
503,Touros,BR,2022-03-31 21:49:23,-5.1989,-35.4608,81.3,78,100,12.91
504,Sisimiut,GL,2022-03-31 21:49:24,66.9395,-53.6735,16.41,94,47,3.76
505,Maceio,BR,2022-03-31 21:44:48,-9.6658,-35.7353,78.24,83,75,2.3
506,Krasnyy Yar,RU,2022-03-31 21:49:25,46.5331,48.3456,44.53,54,100,6.51
507,Jasper,US,2022-03-31 21:49:26,37.2001,-94.3502,38.88,74,100,16.11
508,Vaasa,FI,2022-03-31 21:49:26,63.096,21.6158,16.95,100,0,2.3
509,Issa,RU,2022-03-31 21:49:27,53.8705,44.8578,33.78,100,100,4.14
510,Chapais,CA,2022-03-31 21:49:28,49.7834,-74.8492,37.18,100,100,13.58
511,Bandarbeyla,SO,2022-03-31 21:49:28,9.4942,50.8122,80.2,83,40,9.78
512,Port Augusta,AU,2022-03-31 21:49:29,-32.5,137.7667,59.49,61,0,10.51
513,Oum Hadjer,TD,2022-03-31 21:49:30,13.2954,19.6966,86.58,8,6,10.33
514,Windsor,CA,2022-03-31 21:45:54,42.3001,-83.0165,46.74,76,100,19.57
515,Nizhneudinsk,RU,2022-03-31 21:49:30,54.9076,99.0276,27.55,87,100,4.25
516,Krasnotorka,UA,2022-03-31 21:49:31,48.682,37.5327,49.73,72,99,12.48
517,Kudahuvadhoo,MV,2022-03-31 21:49:31,2.6708,72.8944,82.29,71,6,3.47
518,Harper,LR,2022-03-31 21:49:32,4.375,-7.7169,80.35,85,53,6.11
519,Santa Marta De Tormes,ES,2022-03-31 21:49:32,40.9506,-5.6272,44.62,99,75,8.05
520,Greenville,US,2022-03-31 21:44:46,35.6127,-77.3663,73.42,83,100,23.02
521,Kapasan,ID,2022-03-31 21:49:34,-6.7773,111.3789,72.79,97,100,8.99
522,Ambilobe,MG,2022-03-31 21:49:35,-13.2,49.05,73.04,95,99,2.59
523,Palana,RU,2022-03-31 21:49:36,59.1167,159.9667,13.64,79,95,9.98
524,Nagato,JP,2022-03-31 21:49:36,34.3833,131.2,45.19,60,89,22.08
525,Kampot,KH,2022-03-31 21:49:37,10.6167,104.1833,77.05,81,95,3.53
526,Mount Isa,AU,2022-03-31 21:49:37,-20.7333,139.5,71.37,30,1,13.8
527,Burgeo,CA,2022-03-31 21:49:38,47.6167,-57.6152,33.01,79,13,13.67
528,Teguldet,RU,2022-03-31 21:49:38,57.3064,88.1667,33.51,97,100,12.93
529,Culiacan,MX,2022-03-31 21:45:11,24.7994,-107.3897,88.16,29,91,11.05
530,Monrovia,LR,2022-03-31 21:45:19,6.3005,-10.7969,80.37,87,38,5.3
531,Talcahuano,CL,2022-03-31 21:45:30,-36.7167,-73.1167,64.08,55,0,14.97
532,Ontario,US,2022-03-31 21:48:30,34.0633,-117.6509,73.65,66,100,14.97
533,Sardhana,IN,2022-03-31 21:49:39,29.15,77.6167,73.62,14,0,5.44
534,Floro,NO,2022-03-31 21:49:40,61.5996,5.0328,37.36,60,0,8.05
535,Half Moon Bay,US,2022-03-31 21:47:06,37.4636,-122.4286,73.42,70,0,18.41
536,Petrokamenskoye,RU,2022-03-31 21:49:41,57.716,60.6484,19.47,93,100,3.38
537,Nuuk,GL,2022-03-31 21:49:42,64.1835,-51.7216,32.61,86,40,3.44
538,Sarangani,PH,2022-03-31 21:49:42,5.4033,125.4636,81.79,75,92,2.91
539,Huarmey,PE,2022-03-31 21:49:43,-10.0681,-78.1522,73.51,77,65,11.1
540,Lexington,US,2022-03-31 21:48:04,37.9887,-84.4777,46.4,69,100,17.27
541,Dali,CN,2022-03-31 21:49:44,25.7,100.1833,56.55,81,86,1.45
542,Boo,SE,2022-03-31 21:49:45,59.3333,18.2833,31.77,85,75,2.3
543,Georgiyevka,KZ,2022-03-31 21:49:45,43.0369,74.7114,44.64,87,0,4.47
544,Karwar,IN,2022-03-31 21:49:46,14.8,74.1333,76.26,86,16,5.7
545,Chifeng,CN,2022-03-31 21:49:47,42.2683,118.9636,29.23,32,34,4.9
546,Vagur,FO,2022-03-31 21:49:48,61.4732,-6.8119,36.25,57,100,8.66
547,Kodinsk,RU,2022-03-31 21:50:48,58.6881,99.1844,33.53,87,100,12.57
548,Camapua,BR,2022-03-31 21:50:49,-19.5314,-54.0439,69.58,98,100,6.76
